{
    "classes": [
        {
            "className": "NetworkManager",
            "methods": [
                {
                    "access": "public",
                    "name": "checkConnectionStatus",
                    "returnType": "void"
                }
            ],
            "object": true,
            "qualifiedClassName": "NetworkManager",
            "signals": [
                {
                    "access": "public",
                    "arguments": [
                        {
                            "name": "ip",
                            "type": "QString"
                        },
                        {
                            "name": "hostname",
                            "type": "QString"
                        },
                        {
                            "name": "city",
                            "type": "QString"
                        },
                        {
                            "name": "region",
                            "type": "QString"
                        },
                        {
                            "name": "country",
                            "type": "QString"
                        },
                        {
                            "name": "loc",
                            "type": "QString"
                        },
                        {
                            "name": "postal",
                            "type": "QString"
                        },
                        {
                            "name": "timezone",
                            "type": "QString"
                        }
                    ],
                    "name": "apiResponseReceived",
                    "returnType": "void"
                },
                {
                    "access": "public",
                    "arguments": [
                        {
                            "name": "message",
                            "type": "QString"
                        }
                    ],
                    "name": "debugMessage",
                    "returnType": "void"
                },
                {
                    "access": "public",
                    "arguments": [
                        {
                            "name": "isOnline",
                            "type": "bool"
                        }
                    ],
                    "name": "connectionStatusChanged",
                    "returnType": "void"
                },
                {
                    "access": "public",
                    "arguments": [
                        {
                            "name": "publicIP",
                            "type": "QString"
                        }
                    ],
                    "name": "localhostResolved",
                    "returnType": "void"
                }
            ],
            "slots": [
                {
                    "access": "private",
                    "arguments": [
                        {
                            "name": "reply",
                            "type": "QNetworkReply*"
                        }
                    ],
                    "name": "handleConnectionStatus",
                    "returnType": "void"
                }
            ],
            "superClasses": [
                {
                    "access": "public",
                    "name": "QObject"
                }
            ]
        }
    ],
    "inputFile": "networkManager.h",
    "outputRevision": 68
}
